{"accuracy": [0.9527723789215088, 0.9826993346214294], "loss": [0.1428222507238388, 0.05701608210802078], "val_accuracy": [0.754729151725769, 0.9890369772911072], "val_loss": [0.6703230142593384, 0.03898344561457634]}