{"accuracy": [0.28010812401771545], "loss": [1.4152798652648926], "val_accuracy": [0.28696194291114807], "val_loss": [1.3550325632095337]}