{
    "val_loss": 0.038526300340890884,
    "val_accuracy": 0.989896833896637
}