{"accuracy": [0.9619063138961792, 0.9900064468383789], "loss": [0.10999187082052231, 0.03535284847021103], "val_accuracy": [0.6377902030944824, 0.989896833896637], "val_loss": [1.1322052478790283, 0.03852629289031029]}