{"accuracy": [0.28099173307418823, 0.3317739963531494, 0.376007080078125, 0.43370237946510315, 0.44378605484962463, 0.45288217067718506, 0.465512752532959], 
"loss": [1.4292829036712646, 1.3173768520355225, 1.2766765356063843, 1.2164957523345947, 1.1936976909637451, 1.180262804031372, 1.1663825511932373], 
"val_accuracy": [0.29943856596946716, 0.3208567202091217, 0.3254314959049225, 0.3366604149341583, 0.3408192992210388, 0.3408192992210388, 0.34601789712905884], 
"val_loss": [1.3452521562576294, 1.3316926956176758, 1.3316134214401245, 1.3295292854309082, 1.3323662281036377, 1.3346294164657593, 1.3359766006469727], 
"learning_rate": [0.0010000000474974513, 0.0010000000474974513, 0.0010000000474974513, 0.00010000000474974513, 0.00010000000474974513, 0.00010000000474974513, 1.0000000656873453e-05]}