{
    "accuracy": [
        0.553507924079895,
        0.6113700270652771,
        0.6251993179321289,
        0.6472464203834534,
        0.6791058778762817,
        0.68784499168396,
        0.6831227540969849,
        0.7328590750694275,
        0.7470869421958923,
        0.7522997856140137,
        0.7768612504005432,
        0.7904452085494995,
        0.8027413487434387,
        0.815436065196991,
        0.8294799327850342,
        0.8310437798500061,
        0.8428799510002136,
        0.8472341299057007,
        0.8502698540687561,
        0.8550533652305603,
        0.859867513179779,
        0.8650496602058411,
        0.870906412601471,
        0.8698025345802307,
        0.8746166825294495,
        0.8812400102615356,
        0.8781736493110657,
        0.879430890083313,
        0.8832024931907654,
        0.8869127631187439,
        0.8860235214233398,
        0.8890592455863953,
        0.8864221572875977,
        0.8893965482711792,
        0.8898871541023254,
        0.9042990207672119,
        0.9068134427070618,
        0.9115049839019775,
        0.9130381345748901,
        0.9138660430908203,
        0.9160431623458862,
        0.9168710708618164,
        0.9194775223731995,
        0.921347975730896,
        0.9209800362586975,
        0.9228197932243347,
        0.9296578168869019,
        0.93143630027771,
        0.9341040253639221,
        0.9342573285102844,
        0.9360358119010925,
        0.9386729001998901,
        0.9423831701278687,
        0.9418005347251892,
        0.9448056221008301,
        0.943763017654419,
        0.9444069862365723,
        0.9472893476486206,
        0.9468600749969482,
        0.9492518305778503,
        0.9469214081764221,
        0.9482092261314392,
        0.9492518305778503,
        0.9493131637573242,
        0.9502636790275574,
        0.9507543444633484,
        0.9511836171150208
    ],
    "loss": [
        0.2974189519882202,
        0.46873563528060913,
        0.523199737071991,
        0.5634791851043701,
        0.4817323386669159,
        0.4233258366584778,
        0.4413486123085022,
        0.32785817980766296,
        0.2383742481470108,
        0.17367230355739594,
        0.13597992062568665,
        0.11139586567878723,
        0.09187748283147812,
        0.07859887182712555,
        0.06957095116376877,
        0.06344161182641983,
        0.054444681853055954,
        0.05261141434311867,
        0.05351236090064049,
        0.05146521329879761,
        0.04988531023263931,
        0.04939912632107735,
        0.043828003108501434,
        0.04405926913022995,
        0.04158265143632889,
        0.03692528232932091,
        0.03677801415324211,
        0.0358600988984108,
        0.034521669149398804,
        0.03293495997786522,
        0.03129936754703522,
        0.030043644830584526,
        0.029894722625613213,
        0.028333326801657677,
        0.028082184493541718,
        0.02293788082897663,
        0.021660244092345238,
        0.02002592571079731,
        0.020140020176768303,
        0.018966972827911377,
        0.018007030710577965,
        0.01812286674976349,
        0.01753511279821396,
        0.017041781917214394,
        0.0165209099650383,
        0.01646276004612446,
        0.013988117687404156,
        0.01341246534138918,
        0.013104568235576153,
        0.012973002158105373,
        0.012590977363288403,
        0.011760926805436611,
        0.011172117665410042,
        0.01085746567696333,
        0.010535312816500664,
        0.0105354068800807,
        0.01044226624071598,
        0.009907900355756283,
        0.009728130884468555,
        0.009683538228273392,
        0.009698038920760155,
        0.009751549921929836,
        0.00923007819801569,
        0.009389343671500683,
        0.009082037955522537,
        0.00915374793112278,
        0.0092520322650671
    ],
    "val_accuracy": [
        0.5310201048851013,
        0.6204021573066711,
        0.6544874906539917,
        0.7291564345359802,
        0.7181216478347778,
        0.7309955954551697,
        0.774276614189148,
        0.7897253632545471,
        0.8403629064559937,
        0.8455125093460083,
        0.8314124345779419,
        0.8441638350486755,
        0.8409759402275085,
        0.8393820524215698,
        0.8555664420127869,
        0.8501716256141663,
        0.862677812576294,
        0.8742030262947083,
        0.8726091384887695,
        0.8707699775695801,
        0.8794752359390259,
        0.8884257078170776,
        0.8599804043769836,
        0.8870769739151001,
        0.8826630711555481,
        0.8890387415885925,
        0.8809465169906616,
        0.8890387415885925,
        0.8862187266349792,
        0.8916135430335999,
        0.8890387415885925,
        0.9001961946487427,
        0.8876900672912598,
        0.8778812885284424,
        0.9038744568824768,
        0.9055909514427185,
        0.9090240597724915,
        0.9136831760406494,
        0.9112309813499451,
        0.9158901572227478,
        0.9173614382743835,
        0.9163805842399597,
        0.9156449437141418,
        0.9171162247657776,
        0.9122118949890137,
        0.9103727340698242,
        0.919323205947876,
        0.9210397005081177,
        0.9232466816902161,
        0.9223884344100952,
        0.9214075803756714,
        0.9241049289703369,
        0.9261893033981323,
        0.9266797304153442,
        0.9243501424789429,
        0.9247180223464966,
        0.9275380373001099,
        0.9266797304153442,
        0.9279058575630188,
        0.9254536628723145,
        0.9270475506782532,
        0.9270475506782532,
        0.9263119101524353,
        0.9283962845802307,
        0.9291319251060486,
        0.9280284643173218,
        0.9271701574325562
    ],
    "val_loss": [
        0.5540146827697754,
        0.18148279190063477,
        0.3410501778125763,
        0.5422143340110779,
        0.291223406791687,
        0.696575939655304,
        0.23127427697181702,
        0.1770704686641693,
        0.09851635247468948,
        0.07216829061508179,
        0.09701480716466904,
        0.07297797501087189,
        0.07103249430656433,
        0.059879571199417114,
        0.053092971444129944,
        0.057488832622766495,
        0.047278113663196564,
        0.04352284595370293,
        0.04803188517689705,
        0.05021267384290695,
        0.042428746819496155,
        0.03851183131337166,
        0.06028280407190323,
        0.03789328783750534,
        0.03410831466317177,
        0.03192634508013725,
        0.04503801837563515,
        0.03742377087473869,
        0.053068745881319046,
        0.02876073680818081,
        0.04099620133638382,
        0.029605520889163017,
        0.03239487111568451,
        0.034590236842632294,
        0.028666552156209946,
        0.024281123653054237,
        0.027292361482977867,
        0.02457522042095661,
        0.024181077256798744,
        0.023586967960000038,
        0.023268697783350945,
        0.024050384759902954,
        0.02608930692076683,
        0.023264512419700623,
        0.0258040688931942,
        0.024194592610001564,
        0.022052841261029243,
        0.02208654023706913,
        0.02256549708545208,
        0.022416945546865463,
        0.023834669962525368,
        0.023993220180273056,
        0.02289445511996746,
        0.023099733516573906,
        0.024081513285636902,
        0.02428360842168331,
        0.0230871569365263,
        0.02363722212612629,
        0.023809561505913734,
        0.023305930197238922,
        0.022905517369508743,
        0.023524466902017593,
        0.02308288961648941,
        0.02221454679965973,
        0.022524509578943253,
        0.022249147295951843,
        0.022631773725152016
    ],