{"accuracy": [0.9503247737884521, 0.9804624319076538, 0.9865939021110535], "loss": [0.12456952780485153, 0.05398096516728401, 0.0364251509308815], "val_accuracy": [0.9727707505226135, 0.9708999991416931, 0.9835792779922485], "val_loss": [0.06640802323818207, 0.07466018944978714, 0.04621198773384094], "learning_rate": [0.0010000000474974513, 0.0010000000474974513, 0.0010000000474974513]}