{"accuracy": [0.9997920989990234], "loss": [0.0065767536871135235], "val_accuracy": [0.9991682171821594], "val_loss": [0.06549718976020813], "learning_rate": [0.0010000000474974513]}