{"accuracy": [0.2775092124938965, 0.2835906147956848, 0.2912313640117645, 0.314205527305603, 0.3417537212371826, 0.3728364408016205, 0.41608190536499023, 0.4276209771633148, 0.43708091974258423], "loss": [1.419740915298462, 1.357655644416809, 1.3511134386062622, 1.33302903175354, 1.3045268058776855, 1.274530291557312, 1.2176988124847412, 1.1999518871307373, 1.1859140396118164], "val_accuracy": [0.2959035038948059, 0.2852984070777893, 0.28779372572898865, 0.30817216634750366, 0.3235599994659424, 0.33541277050971985, 0.34560200572013855, 0.3528800308704376, 0.35579121112823486], "val_loss": [1.3564705848693848, 1.3554636240005493, 1.3564921617507935, 1.345702052116394, 1.3438128232955933, 1.3406708240509033, 1.336673378944397, 1.3381222486495972, 1.3394694328308105], "learning_rate": [0.0010000000474974513, 0.0010000000474974513, 0.0010000000474974513, 0.00010000000474974513, 0.00010000000474974513, 0.00010000000474974513, 1.0000000656873453e-05, 1.0000000656873453e-05, 1.0000000656873453e-05]}